Year Released,Album Length,Album Name,Artist
2022-11-11,16642652,Use Your Illusion (Super Deluxe),Guns N' Roses
2022-11-11,8364099,Use Your Illusion I (Deluxe Edition),Guns N' Roses
2022-11-11,8706925,Use Your Illusion II (Deluxe Edition),Guns N' Roses
2022-11-11,4554103,Use Your Illusion II,Guns N' Roses
2022-11-11,4558529,Use Your Illusion I,Guns N' Roses
2022-06-10,7744325,Licked Live In NYC,The Rolling Stones
2022-05-13,6448484,Live At The El Mocambo,The Rolling Stones
2021-10-22,12467581,Tattoo You (Super Deluxe),The Rolling Stones
2021-10-22,2674689,Tattoo You,The Rolling Stones
2021-07-09,6833152,A Bigger Bang (Live),The Rolling Stones
2020-11-13,2467383,POWER UP,AC/DC
2014-11-28,2098184,Rock or Bust,AC/DC
2012-11-19,6643128,Live at River Plate,AC/DC
2008-10-20,3337674,Black Ice,AC/DC
2000-02-25,2827210,Stiff Upper Lip,AC/DC
2021-11-05,7519588,KID A MNESIA,Radiohead
2017-06-23,5557415,OK Computer OKNOTOK 1997 2017,Radiohead
2016-05-08,3157300,A Moon Shaped Pool,Radiohead
2011-10-10,6355342,TKOL RMX 1234567,Radiohead
2011-02-18,2250887,The King Of Limbs,Radiohead
2016-09-16,12109161,The Complete BBC Sessions (Remastered),Led Zeppelin
2015-02-24,7466099,Physical Graffiti (Deluxe Edition),Led Zeppelin
2012-11-19,6934569,Celebration Day,Led Zeppelin
2007,8180755,Mothership (Remastered),Led Zeppelin
2003-05-27,8892167,How the West Was Won (Remaster),Led Zeppelin
2022-09-30,11130189,From Dusk Til Dawn (Live),Bon Jovi
2020-10-05,3830061,2020 (Deluxe),Bon Jovi
2020-10-02,2893970,2020,Bon Jovi
2019,4402475,The Rarities Collection,Bon Jovi
2018-02-23,3378487,This House Is Not For Sale,Bon Jovi
2022-07-22,2769060,RAW ('That Little Ol' Band From Texas' Original Soundtrack),ZZ Top
2022-07-22,2769060,RAW (‘That Little Ol' Band From Texas’ Original Soundtrack),ZZ Top
2012-09-11,2362704,La Futura,ZZ Top
2012-09-11,2362864,La Futura,ZZ Top
2012-09-11,2755278,La Futura (Deluxe Version),ZZ Top
2020-10-16,8266486,Live From The Forum MMXVIII,Eagles
2007-10-30,5453874,Long Road out of Eden,Eagles
2007-01-01,5710232,Long Road Out Of Eden,Eagles
1994-11-08,4451222,Hell Freezes Over (Remaster 2018),Eagles
1980-11-07,4541168,Eagles Live,Eagles
2017-07-14,4463848,ライヴ・イン・カリフォルニア1992 (Live) [Remastered],Van Halen
2015-03-27,7203496,Tokyo Dome in Concert,Van Halen
1998-03-17,3922422,Van Halen III,Van Halen
1998,6311785,Pittsburgh 1998,Van Halen
1995-01-24,3197808,Balance,Van Halen
2020-10-02,6851405,Us + Them,Roger Waters
2018-10-26,4761399,The Soldier's Tale (Narrated by Roger Waters),Roger Waters
2018-10-26,4761399,The Soldier's Tale - Narrated by Roger Waters,Roger Waters
2017-06-02,3255222,Is This The Life We Really Want?,Roger Waters
2015-11-20,6181670,Roger Waters The Wall,Roger Waters
2022-11-18,4773860,"Los Angeles Forum - April 26, 1969 (Live)",Jimi Hendrix
2020-11-20,6027820,Live In Maui,Jimi Hendrix
2020-08-27,2694223,ジミ・ヘンドリックス スペシャル・コレクション,Jimi Hendrix
2020-03-27,2744955,"Band Of Gypsys (50th Anniversary / Live At Fillmore East, 1970)",Jimi Hendrix
2019-11-22,18875324,Songs For Groovy Children: The Fillmore East Concerts,Jimi Hendrix
2022-11-18,6673642,Creatures Of The Night,KISS
2022-09-09,4525286,KISS Off The Soundboard: Live In Des Moines,KISS
2022-09-09,4525286,KISS Off The Soundboard: Live In Des Moines,KISS
2022-06-10,6058556,KISS Off The Soundboard: Live In Donington,KISS
2022-06-10,6058556,KISS Off The Soundboard: Live In Donington,KISS
2021-09-10,11681960,Metallica (Remastered Deluxe Box Set),Metallica
2021-09-10,3756045,Metallica (Remastered 2021),Metallica
2021-09-10,13813625,The Metallica Blacklist,Metallica
2020-08-28,8617551,S&M2,Metallica
2020-08-28,8617551,S&M2,Metallica
2021-11-12,10685855,Nevermind (30th Anniversary Super Deluxe),Nirvana
2019-11-01,4594095,MTV Unplugged In New York (25th Anniversary),Nirvana
2019-07-26,4227503,Live And Loud,Nirvana
2019-04-12,3996486,Live At The Paramount,Nirvana
2017-07-07,3165702,In Bloom Collection,Nirvana
2022-03-25,4961734,Changeup,Joan Jett & the Blackhearts
2021-11-11,1753704,"Live, New York, 1981",Joan Jett & the Blackhearts
2021-05-06,4342367,"Malibu Beach Club, Long Island, Ny May 1st 1981",Joan Jett & the Blackhearts
2020-11-12,4479501,"Playin' With Fire (Live In Long Island, NY '81)",Joan Jett & the Blackhearts
2020-03-31,4415215,New York 1981 (Live 1981),Joan Jett & the Blackhearts
2022-04-08,2257544,1971: The Road Starts Hear,Aerosmith
2022-02-18,7533000,Japan Calling,Aerosmith
2020-05-01,7269033,ライヴ・アット・ウッドストック・フェスティヴァル1994 (Live),Aerosmith
2017-12-22,6836674,ライヴ1975/1980 ~キング・ビスケット・フラワー・アワー~ (Live) [Remastered],Aerosmith
2012-11-06,4841701,Music From Another Dimension! (Expanded Edition),Aerosmith
2020-10-21,4615035,Hammersmith Live 1980,Thin Lizzy
2013-03-11,5644950,Live 2012 - O2 Shepherds Bush Empire,Thin Lizzy
2011-12-12,3289558,Live at High Voltage Festival 2011,Thin Lizzy
2011-09-19,6274088,Live At The Indigo2,Thin Lizzy
2011-09-19,5946502,Live In London 22.01.2011,Thin Lizzy
2022-07-08,4391527,Freedom,Journey
2022-07-08,4391527,Freedom,Journey
2022-07-08,4391527,Freedom,Journey
2022-04-15,3399883,Chicago 1976 - Live American Radio Broadcast,Journey
2021-01-31,5236701,Rollin' On (Live 1981),Journey
2021-06-25,4896632,White Blood Cells (Deluxe),The White Stripes
2010-03-16,3556621,Under Great White Northern Lights (Live),The White Stripes
2007-06-15,2901250,Icky Thump,The White Stripes
2005-06-07,2654795,Get Behind Me Satan,The White Stripes
2003-04-01,3052951,Elephant,The White Stripes
2022-11-25,10588738,Divine Symmetry,David Bowie
2022-09-16,8399732,Moonage Daydream – A Brett Morgen Film,David Bowie
2022-01-07,9544491,Toy (Toy:Box),David Bowie
2021-11-26,14174178,Brilliant Adventure (1992 – 2001),David Bowie
2021-04-02,3248714,At The Kit Kat Klub (Live New York 99),David Bowie
2022-04-15,9560140,Moving Pictures (40th Anniversary Super Deluxe),Rush
2022-04-15,9557734,Moving Pictures (40th Anniversary),Rush
2020-05-29,7146901,Permanent Waves (40th Anniversary),Rush
2020-05-29,7146889,Permanent Waves (40th Anniversary),Rush
2018-11-16,6461822,Hemispheres (40th Anniversary),Rush
2018-09-07,3878290,Raise Vibration,Lenny Kravitz
2018-09-07,3878290,Raise Vibration,Lenny Kravitz
2014-09-23,3715238,Strut,Lenny Kravitz
2014-09-23,3199662,Strut,Lenny Kravitz
2011-08-30,4406272,Black and White America (Special Edition),Lenny Kravitz
2022-07-15,3601916,Live & Rare,Rage Against The Machine
2021-12-10,2822450,ライブ・イン・ブラジル 2010 (ライブ),Rage Against The Machine
2021-12-10,3759115,ライヴ・アット・ウッドストック・フェスティヴァル 1999 (ライブ),Rage Against The Machine
2021-05-17,2537158,Paintings Of Rebellion (Live '95),Rage Against The Machine
2020-10-28,3613810,The Battle Of Mexico City (Live),Rage Against The Machine
2021-10-19,5727819,Live 1970,The Who
2021-04-23,9205049,The Who Sell Out (Super Deluxe),The Who
2020-10-30,5866354,WHO (Deluxe & Live At Kingston),The Who
2020-07-28,7400590,Live In Amsterdam,The Who
2019-12-06,3427277,WHO (Deluxe),The Who
2022-11-11,3031835,Only the Strong Survive,Bruce Springsteen
2022-04-29,4502916,The Live Series: Songs Of Location,Bruce Springsteen
2021-11-19,5393423,Bruce Springsteen & The E Street Band - The Legendary 1979 No Nukes Concerts,Bruce Springsteen
2020-10-23,3503771,Letter To You,Bruce Springsteen
2019-10-25,3429609,Western Stars - Songs From The Film,Bruce Springsteen
2021-07-09,7335606,ライヴ・アット・武道館1982 (Live),TOTO
2021-06-25,4500502,With A Little Help From My Friends (Live),TOTO
2021-06-25,4500500,With A Little Help From My Friends (Live),TOTO
2021-05-06,2492887,"Shinjuku, Tokyo, Japan, Koseinenkin Kaikan, March 12",TOTO
2019-01-30,7794684,デビュー40周年記念ライヴ40ツアーズ・アラウンド・ザ・サン,TOTO
2020-11-15,2030595,Solid Gold Buffalo Springfield,Buffalo Springfield
2018-06-29,8975905,What's That Sound? Complete Albums Collection (2018 Remaster),Buffalo Springfield
1968,2037663,Last Time Around,Buffalo Springfield
1967-10-30,2042630,Buffalo Springfield Again,Buffalo Springfield
1966-12-05,1977490,Buffalo Springfield,Buffalo Springfield
2022-11-18,9075683,Mob Rules (Remastered and Expanded Version),Black Sabbath
2022-11-18,9075683,Mob Rules (Remastered and Expanded Version),Black Sabbath
2022-11-04,6719194,Heaven and Hell (Remastered and Expanded Edition),Black Sabbath
2022-11-04,6719194,Heaven and Hell (Remastered and Expanded Edition),Black Sabbath
2022-09-30,2512806,Iron Man,Black Sabbath
2022-11-18,11289984,The Miracle (Collector's Edition),Queen
2022-11-18,11289984,The Miracle (Collector's Edition),Queen
2020-10-02,4792118,Live Around The World (Deluxe),Queen
2020-10-02,4792118,Live Around the World (Deluxe),Queen
2018-10-19,4794626,Bohemian Rhapsody (The Original Soundtrack),Queen
2021-03-03,3187542,Stoned Moses (Live Ohio '76),James Gang
1997-06-18,2129664,Funk #49,James Gang
1976,2077543,Jesse Come Home,James Gang
1975,2021050,Newborn,James Gang
1974,1962971,Miami,James Gang
2022-10-14,4510577,Return of the Dream Canteen,Red Hot Chili Peppers
2022-04-01,4393545,Unlimited Love,Red Hot Chili Peppers
2021-12-27,4532887,ライヴ・イン・アルゼンチン 1999 (ライブ),Red Hot Chili Peppers
2021-12-27,5039006,ライヴ・イン・チリ 2002 (ライブ),Red Hot Chili Peppers
2016-06-17,3227384,The Getaway,Red Hot Chili Peppers
2022-03-25,2551130,Dream Widow,Foo Fighters
2021-12-20,4024063,ライヴ・イン・ジャーマニー 2000 (ライブ),Foo Fighters
2021-12-20,4172780,ライヴ・イン・トロント 1996 (ライブ),Foo Fighters
2021-12-20,3477156,ロック・イン・リオ 2001 (ライブ),Foo Fighters
2021-07-19,2347275,Dee Gees / Hail Satin - Foo Fighters / Live,Foo Fighters
2021-07-16,5036377,8 Days on the Road (Live),Foghat
2018-05-17,7055659,Slow Ride,Foghat
2017-02-17,4469894,Live at the Belly Up,Foghat
2016-12-02,4590468,Live in St. Pete,Foghat
2016-09-30,3228849,Under the Influence,Foghat
2020-11-06,12059276,Transmission Impossible,Fleetwood Mac
2019-11-15,12834508,Before the Beginning - 1968-1970 Rare Live & Demo Sessions (Remastered),Fleetwood Mac
2018-11-16,11241741,50 Years - Don't Stop,Fleetwood Mac
2003-04-15,4557526,Say You Will,Fleetwood Mac
2000-04-28,2600971,Shrine '69,Fleetwood Mac
2021-07-02,13243785,Nothing Comes Easy 1991-2012,Lynyrd Skynyrd
2019-11-01,5584650,Last of the Street Survivors Farewell Tour Lyve!,Lynyrd Skynyrd
2018-09-28,4148293,Live in Atlantic City,Lynyrd Skynyrd
2018-09-21,4148292,Live in Atlantic City,Lynyrd Skynyrd
2015-10-23,3065798,Pronounced ‘Leh-‘nérd ‘Skin-‘nérd,Lynyrd Skynyrd
2022-09-16,2508519,Animals (2018 Remix),Pink Floyd
2022-09-16,2508519,Animals (2018 Remix),Pink Floyd
2021-10-19,3071583,A Momentary Lapse of Reason (2019 Remix),Pink Floyd
2021-04-30,3342917,Live at Knebworth 1990,Pink Floyd
2021-04-30,3345917,Live at Knebworth 1990,Pink Floyd
2022-09-16,2557033,"At The Royal Albert Hall (At The Royal Albert Hall / London, UK / April 14, 1970)",Creedence Clearwater Revival
2019-08-02,3325049,Live At Woodstock,Creedence Clearwater Revival
1980-12,2953967,The Concert,Creedence Clearwater Revival
1973-10-16,3075997,Live In Europe,Creedence Clearwater Revival
1972-04-11,1693876,Mardi Gras,Creedence Clearwater Revival
2018-11-16,2615930,Flexible Strategies,The Police
2013-12-10,3999622,In Concert 2008 (Live At Tokyo Dome),The Police
2010-01-01,6471874,Certifiable,The Police
2008-01-01,6471874,Certifiable (Live in Buenos Aires),The Police
2003-01-01,8646937,Live!,The Police
2021-03-14,5447694,"Explode Into Space (Live, NY '80)",Twisted Sister
2020-11-19,4665986,Up Against The Wall (Live 1979),Twisted Sister
2019-10-02,3329011,Knives Out (Live 1984),Twisted Sister
2016-07-22,4769881,Metal Meltdown (Live),Twisted Sister
2016-07-15,10769914,Rock 'N' Roll Saviors - The Early Years (Live),Twisted Sister
2022-09-16,4891322,Everybody's in Show-Biz (Deluxe) [2022 Remaster],The Kinks
2022-09-16,4891322,Everybody's in Show-Biz (Deluxe;2022 Remaster),The Kinks
2022-09-09,3464596,Muswell Hillbillies [Deluxe (2022 Remaster)],The Kinks
2020-11-15,3919376,Solid Gold Kinks,The Kinks
2019-10-25,4904557,Arthur or the Decline and Fall of the British Empire (Deluxe),The Kinks
2022-05-20,6087484,Combat Rock + The People's Hall,The Clash
2008-08-26,2955075,Live At Shea Stadium,The Clash
2008,2955234,Live at Shea Stadium (Remastered),The Clash
1999-10-04,3808834,From Here To Eternity Live,The Clash
1999,4193209,From Here to Eternity (Live) [Remastered],The Clash
2022-10-28,7773543,Revolver (Super Deluxe),The Beatles
2022-01-28,2312050,Get Back (Rooftop Performance),The Beatles
2021-10-15,8580359,Let It Be (Super Deluxe),The Beatles
2019-09-27,8009001,Abbey Road (Super Deluxe Edition),The Beatles
2018-11-09,9126397,The Beatles,The Beatles
2019-10-11,8349494,On Air 1964-67 (Live 1964-67),The Animals
2008-08-01,3430316,"San Francisco Nights (feat. Eric Burdon, John Steel, Alan Price)",The Animals
1983-08,2892954,Ark,The Animals
1977-08,2265049,Before We Were so Rudely Interrupted,The Animals
1966-07-01,3021807,Animalization,The Animals
2022-06-17,4003957,Money For Nothing (Remastered 2022),Dire Straits
1995-06-26,2760997,Live At The BBC,Dire Straits
1993-05-10,4530463,On The Night,Dire Straits
1993-05-10,4537038,On the Night,Dire Straits
1991-09-10,3634997,On Every Street (Remaster),Dire Straits
2021-11-19,6006868,Knebworth 1996 (Live),Oasis
2021-11-19,6006868,Oasis Knebworth 1996,Oasis
2021-11-19,6006868,Knebworth 1996 (Live),Oasis
2016-10-14,4297969,Be Here Now(Remastered),Oasis
2016-10-05,13067227,Be Here Now(Remastered)(Deluxe Edition),Oasis
2022-08-26,9990691,Against The Odds: 1974 - 1982,Blondie
2021-07-16,2372680,"Vivir en la Habana (Live from Havana, 2019)",Blondie
2020-05-27,1983956,Alive In Texas '79 (LIVE KBFH Broadcast),Blondie
2017-05-05,2740303,Pollinator,Blondie
2017-05-05,2740303,Pollinator,Blondie
2018-01-12,3987761,Live at Glastonbury Festival,Blur
2015-04-27,3350980,The Magic Whip,Blur
2015-04-24,3113314,The Magic Whip,Blur
2012-08-13,8494270,Parklive,Blur
2012-08-13,7344965,Parklive (Live),Blur
2021-11-12,5832737,ELO 50th Anniversary Vol. 2,Electric Light Orchestra
2021-11-05,6466404,ELO 50th Anniversary Vol. 1,Electric Light Orchestra
2021-10-29,5463245,Ballads,Electric Light Orchestra
2021-10-22,1636783,Vocoder,Electric Light Orchestra
2019-11-01,1951450,Jeff Lynne's ELO - From Out Of Nowhere,Electric Light Orchestra
2022-07-21,3068290,Talk On The Street (Live 1977),Tom Petty
2021-11-26,7661296,Body and Soul (Live 1993),Tom Petty
2021-05-19,2763959,Make It Last All Night (Live 1977),Tom Petty
2021-04-16,4161491,Finding Wildflowers (Alternate Versions),Tom Petty
2020-10-16,12435806,Wildflowers & All The Rest (Deluxe Edition),Tom Petty
2022-10-18,4270126,Skylark (Live 1994),Stevie Nicks
2021-03-01,4477360,Down That Darkened Street (Live '89),Stevie Nicks
2020-10-30,5701981,Live In Concert: The 24 Karat Gold Tour,Stevie Nicks
2020-10-30,5701981,Live In Concert: The 24 Karat Gold Tour,Stevie Nicks
2019-03-29,10977453,Stand Back,Stevie Nicks
2022-07-29,3825343,Twilight Zone (Live 1994),Ramones
2021-11-30,2929049,Out On The Street (Live 1976),Ramones
2019-09-27,5935412,It's Alive (Live; 40th Anniversary Deluxe Edition),Ramones
2003-03-03,4141044,Brain Drain / Adios Amigos,Ramones
1997-01-01,3876349,We're Outta Here!,Ramones
2021-12-10,2913844,BBC Sessions (Live),Green Day
2021-03-19,3177568,Insomniac (25th Anniversary Deluxe Edition),Green Day
2020-11-27,2443753,No Fun Mondays,Green Day
2020-02-07,1576954,Father of All...,Green Day
2016-10-07,2678063,Revolution Radio,Green Day
2022-06-10,4364192,Behind The Rose (Live 1981),Blue Öyster Cult
2021-08-13,5996848,Judgement Night (Live 1979),Blue Öyster Cult
2021-01-05,5773591,Keep Your Eyes On The Road (Live 1981),Blue Öyster Cult
2020-12-04,4687943,A Long Day's Night (Live),Blue Öyster Cult
2020-12-04,3753000,Live at Rock of Ages Festival 2016,Blue Öyster Cult
2022-06-03,6884789,Prince and The Revolution: Live (2022 Remaster),Prince
2021-07-30,3269942,Welcome 2 America,Prince
2020-09-25,14301030,Sign O' The Times (Super Deluxe),Prince
2020-09-25,14301030,Sign O' The Times (Super Deluxe Edition),Prince
2019-11-29,15882184,1999 (Super Deluxe Edition),Prince
2022-10-07,2391754,Live In Japan '82,The Go-Go's
2021-05-06,2391754,"Sun Plaza Hotel, Tokyo, Japan 19th June 1982",The Go-Go's
2020-03-31,3066902,Some Kind Of Wonderful (Live 1981),The Go-Go's
2005-04-25,2715156,God Bless The Go-Go's,The Go-Go's
2001-05-15,3106834,God Bless The Go-Go's (Deluxe Version),The Go-Go's
2021-11-19,15433973,Achtung Baby (30th Anniversary Edition),U2
2021-11-19,7479170,Achtung Baby (30th Anniversary Edition),U2
2020-10-30,15657960,All That You Can’t Leave Behind (20th Anniversary Edition / Super Deluxe / Remastered 2020),U2
2017-12-01,4504887,Songs Of Experience (Deluxe Edition),U2
2017-12-01,4066394,Songs Of Experience (Deluxe Edition),U2
2022-01-31,4153655,Turn My Heart Away (Live Greenville '83),Heart
2021-11-01,4424919,Wings of Desire (Live 1987),Heart
2021-08-16,1687481,Ship Of Dreams (Live '77),Heart
2020-10-19,5192943,"Take The Freedom (Capitol Theatre, New Jersey '79)",Heart
2019-07-26,5314992,ライヴ・イン・メンフィス1985 (ライブ),Heart
2022-08-22,2222370,Turn Me Loose (Live 1983),Mötley Crüe
2021-02-18,3259097,Looks That Kill (Live Pasadena '82),Mötley Crüe
2019-03-22,4240797,The Dirt Soundtrack,Mötley Crüe
2019-03-22,4228384,The Dirt Soundtrack,Mötley Crüe
2008-07-29,2648810,Saints Of Los Angeles,Mötley Crüe
2021-09-06,3514596,Remembering Dolores,The Cranberries
2020-11-13,8643417,No Need To Argue (Deluxe),The Cranberries
2020-11-13,3051823,No Need To Argue (Remastered 2020),The Cranberries
2019-04-26,2580917,In the End,The Cranberries
2019-04-26,2580917,In the End,The Cranberries
2022-02-23,3658048,Out In The Street (Live 1977),Boston
2021-03-03,3222379,Chasin' That Dream (Live Ohio '76),Boston
2013-12-03,2666098,"Life, Love & Hope",Boston
2013-12-03,2577956,"Life, Love & Hope",Boston
2013-12-03,2577956,"Life, Love & Hope",Boston
2022-07-08,2377425,Regimental Sgt. Zippo,Elton John
2022-06-10,10751962,Madman Across The Water (Deluxe Edition),Elton John
2021-10-22,4335129,The Lockdown Sessions,Elton John
2021-10-22,4335129,The Lockdown Sessions,Elton John
2021-10-22,4132884,The Lockdown Sessions,Elton John
2019-05-31,5183103,Other Sides,Phil Collins
2019-05-31,7222457,Remixed Sides,Phil Collins
2016-06-10,2741209,The Essential Going Back (2016 Remaster),Phil Collins
2016-06-10,6109138,The Essential Going Back (Deluxe Edition),Phil Collins
2013-12-10,4012676,At Fukuoka Dome,Phil Collins
2020-07-17,1829597,Hate for Sale,Pretenders
2020-07-17,1829597,Hate for Sale,Pretenders
2017-09-29,6619972,Alone (Special Edition),Pretenders
2017-09-29,6619972,Alone (Special Edition),Pretenders
2016-10-21,2783536,Alone,Pretenders
2022-05-11,3452068,Spirits (Live 1972),The Doors
2021-12-03,12539537,L.A. Woman (50th Anniversary Deluxe Edition),The Doors
2020-10-09,6844308,Morrison Hotel (50th Anniversary Deluxe Edition),The Doors
2019-11-01,8752723,The Soft Parade (50th Anniversary Deluxe Edition),The Doors
2018-09-14,4575526,Waiting for the Sun (50th Anniversary Deluxe Edition),The Doors
2008-08-26,4196024,Forth,The Verve
2008-08-26,3855264,Forth,The Verve
2008-01-01,5164263,Forth,The Verve
2008-01-01,4922231,Forth,The Verve
2008-01-01,4445590,Forth,The Verve
2021-11-05,2384462,Happy Holidays,Billy Idol
2021-11-05,2384462,Happy Holidays,Billy Idol
2018-09-28,3760540,Vital Idol: Revitalized,Billy Idol
2016-12-09,6028014,BFI LIVE!,Billy Idol
2015-06-05,5226892,Pete Townshend's Classic Quadrophenia,Billy Idol
2021-11-03,2441384,Nothing To Lose (Live 1984),Kansas
2021-05-28,6730584,Point Of Know Return Live & Beyond,Kansas
2020-12-04,3597168,Talk To The Wind (Live In Chicago '76),Kansas
2020-07-31,5816177,Beyond The Illusion (The 1980 New York Broadcast Remastered),Kansas
2020-07-17,2845046,The Absence Of Presence,Kansas
2022-03-25,4584262,Pressure Machine (Deluxe),The Killers
2021-08-13,3082104,Pressure Machine,The Killers
2021-08-12,2785222,Pressure Machine (Abridged),The Killers
2021-01-29,3116594,Imploding The Mirage (Deluxe),The Killers
2020-08-21,2524143,Imploding The Mirage,The Killers
2022-09-30,2530180,Doggerel,Pixies
2022-09-30,2530180,Doggerel,Pixies
2022-02-11,4920428,"Live from Disco Rodeo, Raleigh, NC. June 12th, 2005",Pixies
2022-01-21,4437909,"Live from Music Midtown, Atlanta, GA. June 11th, 2005",Pixies
2021-12-31,4485035,"Live from Chevrolet Amphitheatre, Pittsburgh, PA. June 9th, 2005",Pixies
2020-04-10,2710930,The New Abnormal,The Strokes
2013-03-25,2394996,Comedown Machine,The Strokes
2011-03-21,2052931,Angles,The Strokes
2006-01-03,3122608,First Impressions Of Earth,The Strokes
2006-01-03,3122608,First Impressions Of Earth,The Strokes
2021-10-26,4237986,Searchin' For A Sign (Live 1988),Pat Benatar
2021-01-26,4360654,Dressed To Kill (Live 1986),Pat Benatar
2020-12-14,4328524,"Playin' With Fire (Live, Portland '86)",Pat Benatar
2020-01-06,4360759,"Playing With Fire, 1981 (Live 1981)",Pat Benatar
2006,3043329,"Legends Live in Concert (Live in Denver, CO, 1980)",Pat Benatar
2022-07-08,6756379,Gigaton (Tour Edition),Pearl Jam
2020-10-22,2144932,MTV Unplugged,Pearl Jam
2020-03-27,3426968,Gigaton,Pearl Jam
2020-03-27,3426968,Gigaton,Pearl Jam
2019-12-13,5989592,Vault 9: Live in Seattle 12/8/93,Pearl Jam
2022-02-25,3844372,Rock Believer (Deluxe),Scorpions
2016-03-11,4443793,Return to Forever (Tour Edition),Scorpions
2015-11-13,4443793,Return to Forever (France Tour Edition),Scorpions
2015-09-11,4443793,Return to Forever,Scorpions
2015-02-20,2865742,Return to Forever,Scorpions
